file,Cycles_to_WW,Cycles_to_HPC_SV,Cycles_to_HPT_SV
test_0,0,0,0
test_1,0,0,0
test_2,0,0,0
test_3,0,0,0
test_4,0,0,0
test_5,0,0,0
test_6,0,0,0
test_7,0,0,0
test_8,0,0,0
test_9,0,0,0
test_10,0,0,0
test_11,0,0,0
test_12,0,0,0
test_13,0,0,0
test_14,0,0,0
test_15,0,0,0
test_16,0,0,0
test_17,0,0,0
test_18,0,0,0
test_19,0,0,0
test_20,0,0,0
test_21,0,0,0
test_22,0,0,0
test_23,0,0,0
test_24,0,0,0
test_25,0,0,0
test_26,0,0,0
test_27,0,0,0
test_28,0,0,0
test_29,0,0,0
test_30,0,0,0
test_31,0,0,0
test_32,0,0,0
test_33,0,0,0
test_34,0,0,0
test_35,0,0,0
test_36,0,0,0
test_37,0,0,0
test_38,0,0,0
test_39,0,0,0
test_40,0,0,0
test_41,0,0,0
test_42,0,0,0
test_43,0,0,0
test_44,0,0,0
test_45,0,0,0
test_46,0,0,0
test_47,0,0,0
test_48,0,0,0
test_49,0,0,0
test_50,0,0,0
test_51,0,0,0
